İlanNo,Lokasyon,m²(Brüt),m²(Net),OdaSayısı,BinaYaşı,BulunduğuKat,KatSayısı,Isıtma,BanyoSayısı,Balkon,Eşyalı,KullanımDurumu,Siteİçerisinde,Aidat(TL),Depozito(TL),Kimden,Fiyat
928140153,İstanbul/Ataşehir/KüçükbakkalköyMh.,130,120,2+1,5-10arası,9,10,Doğalgaz(Kombi),2,Var,Hayır,Kiracılı,Evet,Belirtilmemiş,Belirtilmemiş,EmlakOfisinden,4100
908938648,İstanbul/Ümraniye/TantaviMah.,90,80,2+1,16-20arası,2,5,Doğalgaz(Kombi),4,Var,Evet,Boş,Hayır,0,150,EmlakOfisinden,750
921227874,İstanbul/Başakşehir/Bahçeşehir2.KısımMh.,77,56,1+1,0,10,28,Merkezi(PayÖlçer),1,Var,Hayır,Boş,Evet,Belirtilmemiş,Belirtilmemiş,EmlakOfisinden,3800
927979111,İstanbul/Kadıköy/BostancıMh.,170,138,4+1,3,3,9,Merkezi(PayÖlçer),2,Var,Hayır,Boş,Hayır,325,Belirtilmemiş,EmlakOfisinden,12000
927895382,İstanbul/Beşiktaş/EtilerMah.,184,156,4+1,11-15arası,1,5,Merkezi,2,Yok,Hayır,Boş,Evet,2.950,Belirtilmemiş,EmlakOfisinden,20000
927890981,İstanbul/Beşiktaş/EtilerMah.,284,256,5+1,11-15arası,BahçeKatı,5,Merkezi,4,Yok,Hayır,Boş,Evet,4.323,Belirtilmemiş,EmlakOfisinden,35000
927850534,İstanbul/Beşiktaş/BebekMah.,270,250,5+1,21-25arası,1,5,Merkezi(PayÖlçer),2,Var,Belirtilmemiş,MülkSahibi,Hayır,Belirtilmemiş,Belirtilmemiş,EmlakOfisinden,20000
927843902,İstanbul/Şişli/MecidiyeköyMh.,70,65,1+1,4,2,3,Doğalgaz(Kombi),1,Yok,Evet,Boş,Hayır,Belirtilmemiş,Belirtilmemiş,EmlakOfisinden,2400
927706964,İstanbul/Şişli/EskişehirMh.,35,30,Stüdyo(1+0),3,2,6,Doğalgaz(Kombi),1,Yok,Hayır,Kiracılı,Hayır,Belirtilmemiş,2.500,EmlakOfisinden,1750
927669406,İstanbul/Büyükçekmece/PınartepeMh.,190,160,3+1,5-10arası,3,5,Merkezi(PayÖlçer),2,Var,Hayır,Boş,Evet,750,14.000,EmlakOfisinden,7000
927663440,İstanbul/Başakşehir/KayabaşıMh.,208,165,4+1,2,11,15,Merkezi(PayÖlçer),2,Var,Evet,Boş,Evet,Belirtilmemiş,Belirtilmemiş,EmlakOfisinden,13000
927634815,İstanbul/Kartal/OrhantepeMah.,181,114,3+1,0,11,26,Merkezi(PayÖlçer),2,Var,Hayır,Boş,Evet,575,12.000,EmlakOfisinden,6000
543805890,İstanbul/Beşiktaş/LeventMah.,25,15,Stüdyo(1+0),5-10arası,4,6,Doğalgaz(Kombi),2,Yok,Evet,Boş,Hayır,0,Belirtilmemiş,Sahibinden,1050
927637354,İstanbul/Beşiktaş/BebekMah.,140,130,2.5+1,21-25arası,1,3,Merkezi(PayÖlçer),2,Var,Hayır,Boş,Hayır,Belirtilmemiş,Belirtilmemiş,EmlakOfisinden,21000
927600867,İstanbul/Beşiktaş/BebekMah.,90,80,2+1,31veüzeri,1,4,Merkezi,1,Var,Hayır,Boş,Hayır,Belirtilmemiş,Belirtilmemiş,EmlakOfisinden,8000
927548254,İstanbul/Bağcılar/GöztepeMh.,68,60,1+1,5-10arası,7,28,Merkezi(PayÖlçer),1,Yok,Evet,Boş,Evet,Belirtilmemiş,7.200,EmlakOfisinden,3600
927499434,İstanbul/Beşiktaş/EtilerMah.,150,140,3+1,31veüzeri,1,5,Merkezi,1,Var,Hayır,Boş,Hayır,Belirtilmemiş,Belirtilmemiş,EmlakOfisinden,6000
925043143,İstanbul/Sancaktepe/EyüpSultanMh.,70,55,1+1,0,1,6,Merkezi(PayÖlçer),1,Var,Evet,Boş,Evet,294,10.000,EmlakOfisinden,2600
927411643,İstanbul/Sarıyer/AyazağaMh.,220,156,4+1,5-10arası,11,20,Merkezi(PayÖlçer),3,Var,Hayır,Boş,Evet,Belirtilmemiş,Belirtilmemiş,EmlakOfisinden,20000
927191070,İstanbul/Kadıköy/SuadiyeMah.,90,70,2+1,5-10arası,8,11,Doğalgaz(Kombi),2,Var,Hayır,Boş,Hayır,Belirtilmemiş,Belirtilmemiş,EmlakOfisinden,6500
923751960,İstanbul/Kadıköy/CaddebostanMah.,130,100,3+1,3,2,9,Doğalgaz(Kombi),2,Var,Hayır,Boş,Hayır,600,Belirtilmemiş,EmlakOfisinden,9900
927338523,İstanbul/Büyükçekmece/KaraağaçMh.,236,150,3+1,5-10arası,2,2,Doğalgaz(Kombi),4,Var,Hayır,Boş,Evet,Belirtilmemiş,Belirtilmemiş,EmlakOfisinden,10000
924562252,İstanbul/Şişli/KuştepeMh.,160,150,4+2,16-20arası,4,5,Doğalgaz(Kombi),2,Var,Hayır,Kiracılı,Hayır,50,Belirtilmemiş,EmlakOfisinden,3650
911817156,İstanbul/Şişli/EsentepeMah.,20,15,Stüdyo(1+0),11-15arası,2,4,Doğalgaz(Kombi),1,Var,Evet,Boş,Hayır,0,0,Sahibinden,1000
927215044,İstanbul/Üsküdar/ÜnalanMh.,108,75,2+1,4,25,30veüzeri,Merkezi(PayÖlçer),2,Yok,Evet,Boş,Evet,Belirtilmemiş,Belirtilmemiş,EmlakOfisinden,23000
927191262,İstanbul/Kartal/SoğanlıkYeniMh.,109,57,2+1,2,18,20,Merkezi(PayÖlçer),1,Var,Hayır,Boş,Evet,Belirtilmemiş,Belirtilmemiş,EmlakOfisinden,3650
927016286,İstanbul/Beykoz/AcarlarMah.,145,115,3+1,0,BahçeKatı,4,YerdenIsıtma,2,Yok,Hayır,Boş,Evet,Belirtilmemiş,Belirtilmemiş,EmlakOfisinden,17500
914845506,İstanbul/Sarıyer/MaslakMah.,25,15,Stüdyo(1+0),5-10arası,4,6,Doğalgaz(Kombi),2,Yok,Evet,Boş,Hayır,Belirtilmemiş,250,Sahibinden,750
919266900,İstanbul/Beykoz/AcarlarMah.,177,134,3+1,0,ÇatıKatı,4,YerdenIsıtma,3,Var,Hayır,Boş,Evet,Belirtilmemiş,Belirtilmemiş,EmlakOfisinden,21000
926978173,İstanbul/Bahçelievler/SiyavuşpaşaMh.,210,180,4+1,16-20arası,5,6,Doğalgaz(Kombi),2,Var,Hayır,Boş,Hayır,Belirtilmemiş,8.000,EmlakOfisinden,4100
740430029,İstanbul/Şişli/MecidiyeköyMh.,110,100,3+1,5-10arası,2,8,Doğalgaz(Kombi),1,Var,Hayır,Boş,Hayır,30,0,EmlakOfisinden,1900
926954259,İstanbul/Sarıyer/HuzurMah.,170,130,3.5+1,3,19,30veüzeri,YerdenIsıtma,2,Var,Hayır,Boş,Evet,Belirtilmemiş,Belirtilmemiş,EmlakOfisinden,15000
869961100,İstanbul/Sarıyer/İstinyeMh.,195,180,3+1,5-10arası,3,5,Doğalgaz(Kombi),2,Var,Hayır,Boş,Evet,Belirtilmemiş,Belirtilmemiş,EmlakOfisinden,22000
916078439,İstanbul/Beşiktaş/OrtaköyMh.,255,200,5+1,4,4,5,Merkezi(PayÖlçer),5,Var,Hayır,Kiracılı,Evet,Belirtilmemiş,Belirtilmemiş,EmlakOfisinden,48000
921725119,İstanbul/Başakşehir/KayabaşıMh.,192,160,4+1,5-10arası,21,30veüzeri,Merkezi(PayÖlçer),2,Var,Evet,Boş,Evet,Belirtilmemiş,Belirtilmemiş,EmlakOfisinden,8000
926352259,İstanbul/Ümraniye/AtatürkMh.,125,117,3+1,16-20arası,3,6,Doğalgaz(Kombi),3,Var,Hayır,Boş,Hayır,0,2.350,EmlakOfisinden,2350
918506541,İstanbul/Beykoz/AcarlarMah.,145,125,3+1,0,2,4,YerdenIsıtma,2,Var,Hayır,Boş,Evet,Belirtilmemiş,Belirtilmemiş,EmlakOfisinden,17000
896221881,İstanbul/Sarıyer/TarabyaMah.,195,170,4+1,0,2,4,YerdenIsıtma,3,Var,Hayır,Boş,Evet,1.865,Belirtilmemiş,EmlakOfisinden,17000
926011752,İstanbul/Üsküdar/BarbarosMah.,195,140,4+1,0,2,3,Merkezi(PayÖlçer),3,Var,Hayır,Boş,Evet,Belirtilmemiş,Belirtilmemiş,EmlakOfisinden,13500
926012548,İstanbul/Beşiktaş/BebekMah.,180,165,3.5+1,21-25arası,2,4,Merkezi(PayÖlçer),2,Var,Hayır,Kiracılı,Hayır,Belirtilmemiş,Belirtilmemiş,EmlakOfisinden,25000
925984051,İstanbul/Üsküdar/ÇengelköyMh.,90,85,2+1,5-10arası,GirişKatı,3,Merkezi(PayÖlçer),1,Var,Hayır,Kiracılı,Evet,1.200,Belirtilmemiş,EmlakOfisinden,6500
921105989,İstanbul/Ataşehir/KayışdağıMh.,50,45,1+1,0,3,5,Doğalgaz(Kombi),1,Yok,Evet,Boş,Hayır,Belirtilmemiş,2.300,EmlakOfisinden,2300
925957473,İstanbul/Beşiktaş/BebekMah.,270,250,3.5+1,31veüzeri,2,4,Doğalgaz(Kombi),4,Yok,Hayır,Boş,Evet,Belirtilmemiş,Belirtilmemiş,EmlakOfisinden,80000
925935845,İstanbul/Sarıyer/MaslakMah.,501,52,1+1,11-15arası,17,30veüzeri,Doğalgaz(Kombi),1,Yok,Evet,Boş,Hayır,Belirtilmemiş,Belirtilmemiş,EmlakOfisinden,7580
920859675,İstanbul/Eyüpsultan/GöktürkMerkezMh.,68,55,1+1,0,1,5,YerdenIsıtma,1,Var,Hayır,Boş,Evet,Belirtilmemiş,Belirtilmemiş,EmlakOfisinden,4000
925658133,İstanbul/Bakırköy/YenimahalleMah.,120,110,2+1,31veüzeri,4,4,Merkezi,1,Var,Hayır,Kiracılı,Hayır,Belirtilmemiş,Belirtilmemiş,EmlakOfisinden,2750
919572035,İstanbul/Beşiktaş/GayrettepeMah.,160,150,3+1,11-15arası,2,5,DoğalgazSobası,3,Var,Evet,MülkSahibi,Hayır,150,10.000,EmlakOfisinden,8500
913185167,İstanbul/Beykoz/AcarlarMah.,310,280,4+1,4,2,4,Doğalgaz(Kombi),4,Var,Hayır,Boş,Evet,Belirtilmemiş,Belirtilmemiş,EmlakOfisinden,35000
925438985,İstanbul/Şişli/MecidiyeköyMh.,80,80,2+1,4,YüksekGiriş,6,Doğalgaz(Kombi),1,Yok,Evet,Boş,Hayır,35,2.750,EmlakOfisinden,2750
914596531,İstanbul/Ataşehir/KayışdağıMh.,65,60,1+1,4,3,4,Doğalgaz(Kombi),1,Var,Hayır,Boş,Hayır,50,1.250,EmlakOfisinden,1750
657212038,İstanbul/Sarıyer/MaslakMah.,1.480,78,1+1,4,27,30veüzeri,Doğalgaz(Kombi),2,Var,Evet,Boş,Evet,1.348,Belirtilmemiş,EmlakOfisinden,10490
922722038,İstanbul/Sarıyer/ZekeriyaköyMh.,81,57,1+1,2,BahçeKatı,4,Merkezi(PayÖlçer),1,Var,Hayır,Boş,Evet,Belirtilmemiş,12.000,EmlakOfisinden,6000
913236621,İstanbul/Beşiktaş/GayrettepeMah.,550,61,1+1,3,1,6,Doğalgaz(Kombi),1,Yok,Evet,Boş,Evet,550,Belirtilmemiş,EmlakOfisinden,5500
924820326,İstanbul/Eyüpsultan/GöktürkMerkezMh.,680,70,1+1,5-10arası,GirişKatı,18,Doğalgaz(Kombi),2,Yok,Evet,Boş,Hayır,Belirtilmemiş,Belirtilmemiş,EmlakOfisinden,6490
789652551,İstanbul/Sarıyer/ZekeriyaköyMh.,200,45,1+1,0,GirişKatı,4,Doğalgaz(Kombi),1,Yok,Evet,Kiracılı,Evet,200,Belirtilmemiş,EmlakOfisinden,6490
807627437,İstanbul/Ümraniye/YamanevlerMh.,90,85,2+1,5-10arası,5,6,Doğalgaz(Kombi),2,Var,Evet,Boş,Hayır,0,0,EmlakOfisinden,650
919243576,İstanbul/Beşiktaş/LeventMah.,110,90,1+1,11-15arası,3,8,Merkezi(PayÖlçer),2,Yok,Hayır,Kiracılı,Evet,2.100,Belirtilmemiş,EmlakOfisinden,10000
744405888,İstanbul/Şişli/MeşrutiyetMh.,60,45,1+1,2,3,4,Doğalgaz(Kombi),1,Yok,Evet,Kiracılı,Hayır,60,Belirtilmemiş,EmlakOfisinden,6850
912011519,İstanbul/Şişli/CumhuriyetMah.,650,55,2+1,1,4,5,Doğalgaz(Kombi),2,Yok,Evet,Boş,Evet,650,Belirtilmemiş,EmlakOfisinden,5990
910808922,İstanbul/Sarıyer/MaslakMah.,992,52,Stüdyo(1+0),5-10arası,24,30veüzeri,Doğalgaz(Kombi),1,Var,Evet,Boş,Hayır,992,Belirtilmemiş,EmlakOfisinden,7600
873330647,İstanbul/Kağıthane/HamidiyeMah.,800,41,1+1,0,11,15,Merkezi,1,Var,Evet,Boş,Hayır,800,Belirtilmemiş,EmlakOfisinden,5990
924059763,İstanbul/Kadıköy/SahrayıCeditMh.,200,95,2+1,1,9,11,Doğalgaz(Kombi),1,Var,Evet,Boş,Hayır,200,Belirtilmemiş,EmlakOfisinden,7990
721844859,İstanbul/Üsküdar/ÜnalanMh.,1.875,105,2+1,1,7,15,Doğalgaz(Kombi),3,Var,Evet,Boş,Evet,1.875,Belirtilmemiş,EmlakOfisinden,13120
896096199,İstanbul/Şişli/MecidiyeköyMh.,100,85,3+1,0,3,6,Doğalgaz(Kombi),1,Yok,Evet,Boş,Hayır,60,4.500,EmlakOfisinden,3650
923946402,İstanbul/Sarıyer/AyazağaMh.,87,77,1+1,0,7,17,Merkezi(PayÖlçer),1,Var,Evet,Boş,Evet,651,Belirtilmemiş,EmlakOfisinden,6950
850727358,İstanbul/Şişli/MerkezMah.,25,25,Stüdyo(1+0),5-10arası,5,6,Doğalgaz(Kombi),1,Yok,Evet,Boş,Hayır,300,2.000,İnşaatFirmasından,1700
923490216,İstanbul/Eyüpsultan/MithatpaşaMh.,53,46,1+1,1,1,5,Merkezi(PayÖlçer),1,Var,Evet,Boş,Hayır,180,9.000,EmlakOfisinden,4200
923447620,İstanbul/Beşiktaş/BebekMah.,185,175,3+1,21-25arası,2,3,Merkezi(PayÖlçer),2,Var,Hayır,Kiracılı,Evet,Belirtilmemiş,Belirtilmemiş,EmlakOfisinden,30000
917031021,İstanbul/Kartal/AtalarMah.,158,120,3+1,0,28,30veüzeri,Merkezi(PayÖlçer),2,Var,Hayır,Boş,Evet,450,15.000,EmlakOfisinden,6250
877334415,İstanbul/Beşiktaş/NisbetiyeMh.,950,127,3+1,21-25arası,GirişKatı,5,Doğalgaz(Kombi),2,Yok,Evet,Boş,Hayır,950,Belirtilmemiş,EmlakOfisinden,9990
901493012,İstanbul/Şişli/FulyaMah.,1.650,60,1+1,1,9,30veüzeri,Doğalgaz(Kombi),1,Yok,Evet,Kiracılı,Evet,1.650,Belirtilmemiş,EmlakOfisinden,21960
922868061,İstanbul/Şişli/TeşvikiyeMh.,1.595,90,2+1,2,8,18,Doğalgaz(Kombi),2,Yok,Evet,Boş,Evet,1.595,Belirtilmemiş,EmlakOfisinden,16990
922376978,İstanbul/Beykoz/AcarlarMah.,205,163,4+1,0,BahçeKatı,4,YerdenIsıtma,3,Yok,Hayır,Boş,Evet,Belirtilmemiş,Belirtilmemiş,EmlakOfisinden,28000
921496261,İstanbul/Avcılar/MustafaKemalPaşaMh.,30,25,Stüdyo(1+0),5-10arası,4,4,Merkezi,1,Var,Evet,Boş,Hayır,Belirtilmemiş,Belirtilmemiş,Sahibinden,1350
928156043,İstanbul/Kartal/EsentepeMah.,186,125,4+1,0,3,7,Merkezi(PayÖlçer),2,Var,Hayır,Boş,Evet,Belirtilmemiş,Belirtilmemiş,EmlakOfisinden,7700
928156159,İstanbul/Eyüpsultan/GöktürkMerkezMh.,110,89,2+1,0,ÇatıKatı,5,Merkezi(PayÖlçer),2,Var,Hayır,Boş,Evet,Belirtilmemiş,Belirtilmemiş,EmlakOfisinden,6750
928140431,İstanbul/Bayrampaşa/KartaltepeMah.,200,200,3+1,3,BahçeKatı,3,Doğalgaz(Kombi),2,Var,Hayır,Boş,Hayır,Belirtilmemiş,Belirtilmemiş,Sahibinden,2500
928159731,İstanbul/Beyoğlu/ŞehitMuhtarMh.,70,60,1+1,11-15arası,4,5,Doğalgaz(Kombi),1,Yok,Evet,Boş,Hayır,0,2.000,EmlakOfisinden,2150
925105699,İstanbul/Maltepe/BağlarbaşıMh.,160,135,3+1,26-30arası,8,10,Doğalgaz(Kombi),2,Var,Hayır,Kiracılı,Hayır,100,2.650,EmlakOfisinden,2650
908954861,İstanbul/Sarıyer/TarabyaMah.,70,65,1+1,26-30arası,GirişKatı,4,Doğalgaz(Kombi),1,Var,Hayır,Boş,Hayır,20,2.000,EmlakOfisinden,2000
928157423,İstanbul/Maltepe/ÇınarMh.,100,66,2+1,0,7,15,YerdenIsıtma,2,Var,Hayır,Boş,Evet,Belirtilmemiş,Belirtilmemiş,EmlakOfisinden,5900
928147013,İstanbul/Sancaktepe/HilalMah.,100,90,2+1,3,Kot3,3,Doğalgaz(Kombi),2,Var,Hayır,Boş,Hayır,0,1.200,Sahibinden,1200
928156188,İstanbul/Kadıköy/MerdivenköyMh.,75,60,2+1,31veüzeri,BahçeKatı,4,Doğalgaz(Kombi),1,Yok,Evet,Boş,Hayır,40,Belirtilmemiş,EmlakOfisinden,2500
928157172,İstanbul/Sarıyer/YeniköyMh.,120,110,2+1,21-25arası,Kot2,3,Doğalgaz(Kombi),1,Var,Belirtilmemiş,Boş,Hayır,Belirtilmemiş,Belirtilmemiş,EmlakOfisinden,2600
928156838,İstanbul/Başakşehir/KayabaşıMh.,68,55,2+1,5-10arası,3,8,Merkezi(PayÖlçer),1,Yok,Hayır,MülkSahibi,Evet,180,3.600,EmlakOfisinden,1800
928155785,İstanbul/Sancaktepe/OsmangaziMah.,145,120,3+1,4,5,5,Merkezi(PayÖlçer),2,Var,Hayır,Boş,Evet,170,Belirtilmemiş,EmlakOfisinden,2300
928156545,İstanbul/Küçükçekmece/AtakentMah.,147,120,3+1,5-10arası,3,23,YerdenIsıtma,2,Var,Belirtilmemiş,MülkSahibi,Evet,Belirtilmemiş,Belirtilmemiş,EmlakOfisinden,6500
928154216,İstanbul/Maltepe/ZümrütevlerMh.,120,110,3+1,16-20arası,1,3,Doğalgaz(Kombi),1,Var,Hayır,Boş,Hayır,35,1.700,EmlakOfisinden,1700
874331311,İstanbul/Beşiktaş/OrtaköyMh.,110,90,1+1,31veüzeri,BahçeKatı,5,Doğalgaz(Kombi),1,Var,Evet,Boş,Hayır,125,9.000,EmlakOfisinden,4500
928154270,İstanbul/Üsküdar/ÜnalanMh.,150,140,3+1,0,7,7,Doğalgaz(Kombi),2,Var,Hayır,Boş,Hayır,30,5.000,EmlakOfisinden,5000
928153217,İstanbul/Pendik/EsenyalıMh.,90,90,2+1,1,4,4,Doğalgaz(Kombi),1,Var,Hayır,Boş,Hayır,Belirtilmemiş,1.250,EmlakOfisinden,1250
920194341,İstanbul/Kadıköy/CaferağaMh.,70,65,1+1,31veüzeri,1,4,Doğalgaz(Kombi),1,Yok,Hayır,Boş,Hayır,Belirtilmemiş,5.000,EmlakOfisinden,3000
928154041,İstanbul/Esenler/TurgutReisMah.,110,100,2+1,21-25arası,1,5,DoğalgazSobası,1,Var,Hayır,Boş,Hayır,Belirtilmemiş,Belirtilmemiş,EmlakOfisinden,1600
928140961,İstanbul/Tuzla/ŞifaMh.,85,70,2+1,0,6,10,Merkezi,1,Var,Hayır,Boş,Hayır,70,1.400,Sahibinden,1400
928152616,İstanbul/Eyüpsultan/GüzeltepeMh.,104,64,2+1,0,6,8,Merkezi(PayÖlçer),2,Var,Hayır,Boş,Evet,Belirtilmemiş,10.000,EmlakOfisinden,5000
928140961,İstanbul/Tuzla/ŞifaMh.,85,70,2+1,0,6,10,Merkezi,1,Var,Hayır,Boş,Hayır,70,1.400,Sahibinden,1400
928152616,İstanbul/Eyüpsultan/GüzeltepeMh.,104,64,2+1,0,6,8,Merkezi(PayÖlçer),2,Var,Hayır,Boş,Evet,Belirtilmemiş,10.000,EmlakOfisinden,5000
928148154,İstanbul/Bakırköy/ŞenlikköyMh.,250,210,5+1,11-15arası,1,3,Doğalgaz(Kombi),3,Var,Belirtilmemiş,Boş,Hayır,Belirtilmemiş,Belirtilmemiş,EmlakOfisinden,11000
928143023,İstanbul/Bahçelievler/HürriyetMh.,120,100,2+1,2,Kot1,5,Doğalgaz(Kombi),1,Var,Hayır,Boş,Hayır,Belirtilmemiş,Belirtilmemiş,Sahibinden,3500
928149885,İstanbul/Kağıthane/ÇeliktepeMh.,150,140,4+1,4,4,4,Doğalgaz(Kombi),2,Var,Hayır,Kiracılı,Hayır,50,3.500,EmlakOfisinden,3500
928150890,İstanbul/Bahçelievler/SoğanlıMh.,85,80,2+1,31veüzeri,3,4,Doğalgaz(Kombi),1,Var,Belirtilmemiş,Boş,Hayır,Belirtilmemiş,Belirtilmemiş,EmlakOfisinden,2000
915916272,İstanbul/Beylikdüzü/CumhuriyetMah.,174,125,3+1,4,1,12,Merkezi(PayÖlçer),2,Var,Hayır,Boş,Evet,340,3.500,EmlakOfisinden,3900
928147893,İstanbul/Pendik/DoğuMh.,125,80,2+1,4,1,12,Merkezi(PayÖlçer),2,Var,Hayır,Boş,Evet,340,2.850,EmlakOfisinden,2850
928145499,İstanbul/Beyoğlu/HacıahmetMh.,65,55,1+1,0,1,9,Merkezi(PayÖlçer),1,Var,Evet,Boş,Evet,Belirtilmemiş,Belirtilmemiş,EmlakOfisinden,10000
928142286,İstanbul/Tuzla/AydıntepeMh.,60,45,1+1,5-10arası,Kot1,10,Merkezi(PayÖlçer),1,Yok,Evet,Boş,Evet,Belirtilmemiş,Belirtilmemiş,Sahibinden,2000
891186791,İstanbul/Tuzla/AydınlıMh.,105,85,2+1,4,2,5,Doğalgaz(Kombi),1,Var,Hayır,Boş,Hayır,60,1.000,EmlakOfisinden,1150
922735235,İstanbul/Şişli/KaptanPaşaMh.,145,125,3+1,5-10arası,11,15,Merkezi(PayÖlçer),3,Var,Hayır,Boş,Evet,950,Belirtilmemiş,EmlakOfisinden,8750
928130189,İstanbul/Küçükçekmece/CennetMah.,130,120,3+1,16-20arası,1,7,Doğalgaz(Kombi),1,Var,Hayır,Boş,Hayır,50,3.000,Sahibinden,3000
928147629,İstanbul/Pendik/YenişehirMh.,119,100,3+1,0,6,10,Merkezi(PayÖlçer),2,Var,Hayır,Boş,Evet,650,Belirtilmemiş,EmlakOfisinden,3600
928148150,İstanbul/Beylikdüzü/KavaklıMh.,85,80,1+1,4,1,4,Doğalgaz(Kombi),1,Yok,Hayır,Boş,Hayır,50,4.000,EmlakOfisinden,2000
928146545,İstanbul/Büyükçekmece/GüzelceMh.,75,50,1+1,26-30arası,1,1,Yok,1,Var,Hayır,Boş,Hayır,Belirtilmemiş,1.500,EmlakOfisinden,900
850449772,İstanbul/Ataşehir/KayışdağıMh.,60,50,1+1,5-10arası,2,3,Doğalgaz(Kombi),1,Yok,Evet,Boş,Hayır,Belirtilmemiş,Belirtilmemiş,EmlakOfisinden,1750
928144341,İstanbul/Sancaktepe/AbdurrahmangaziMah.,55,33,Stüdyo(1+0),5-10arası,6,11,Merkezi(PayÖlçer),1,Yok,Hayır,Boş,Evet,390,2.400,EmlakOfisinden,1200
660373307,İstanbul/Beylikdüzü/CumhuriyetMah.,140,95,3+1,0,22,30veüzeri,Merkezi(PayÖlçer),2,Yok,Hayır,Boş,Evet,340,Belirtilmemiş,EmlakOfisinden,3000
660373307,İstanbul/Beylikdüzü/CumhuriyetMah.,140,95,3+1,0,22,30veüzeri,Merkezi(PayÖlçer),2,Yok,Hayır,Boş,Evet,340,Belirtilmemiş,EmlakOfisinden,3000
928137067,İstanbul/Pendik/KaynarcaMah.,110,85,2+1,11-15arası,6,6,Doğalgaz(Kombi),1,Var,Evet,Boş,Hayır,Belirtilmemiş,Belirtilmemiş,Sahibinden,1800
928140839,İstanbul/Bağcılar/YıldıztepeMh.,98,90,2+1,5-10arası,3,4,Doğalgaz(Kombi),1,Var,Hayır,Boş,Hayır,35,2.000,Sahibinden,1800
928144873,İstanbul/Ümraniye/ÇakmakMh.,100,90,2+1,16-20arası,5,5,Doğalgaz(Kombi),1,Yok,Hayır,Boş,Hayır,50,1.350,EmlakOfisinden,1350
903455562,İstanbul/Çekmeköy/KirazlıdereMh.,80,65,1+1,0,YüksekGiriş,6,Doğalgaz(Kombi),1,Yok,Hayır,Boş,Hayır,50,1.000,EmlakOfisinden,1000
922882783,İstanbul/Esenyurt/GökevlerMh.,96,67,2+1,2,10,30veüzeri,Merkezi(PayÖlçer),2,Yok,Hayır,Boş,Evet,270,Belirtilmemiş,EmlakOfisinden,2200
928143812,İstanbul/Maltepe/AltıntepeMh.,75,70,1+1,31veüzeri,3,4,Doğalgaz(Kombi),1,Var,Hayır,MülkSahibi,Hayır,30,2.900,EmlakOfisinden,2900
928139618,İstanbul/Eyüpsultan/NişancıMh.,85,80,2+1,26-30arası,2,5,Doğalgaz(Kombi),1,Var,Hayır,Boş,Hayır,30,2.000,Sahibinden,1700
928135000,İstanbul/Kağıthane/NurtepeMah.,120,110,2+1,16-20arası,3,4,Doğalgaz(Kombi),2,Var,Hayır,Boş,Hayır,30,2.500,Sahibinden,2250
928143455,İstanbul/Maltepe/FeyzullahMah.,140,117,3+1,26-30arası,4,4,Merkezi,1,Var,Hayır,MülkSahibi,Hayır,50,3.200,EmlakOfisinden,3200
928143390,İstanbul/Sarıyer/FerahevlerMah.,100,90,2+1,26-30arası,2,6,Doğalgaz(Kombi),1,Var,Hayır,Kiracılı,Hayır,50,3.250,EmlakOfisinden,3250
928137962,İstanbul/Gaziosmanpaşa/BağlarbaşıMh.,107,100,2+1,0,2,5,Doğalgaz(Kombi),1,Var,Belirtilmemiş,Boş,Hayır,50,3.000,Sahibinden,2250
928142714,İstanbul/Kağıthane/OrtabayırMh.,55,45,1+1,3,1,5,Doğalgaz(Kombi),1,Yok,Hayır,Boş,Hayır,140,2.850,EmlakOfisinden,2850
928140323,İstanbul/Tuzla/PostaneMah.,130,110,2+1,21-25arası,2,3,Doğalgaz(Kombi),1,Var,Hayır,Boş,Hayır,0,2.200,EmlakOfisinden,2200
922848840,İstanbul/Gaziosmanpaşa/KaradenizMah.,189,149,3+1,0,7,20,Merkezi(PayÖlçer),2,Var,Hayır,Boş,Evet,Belirtilmemiş,13.200,EmlakOfisinden,6600
928141634,İstanbul/Esenyurt/PiriReisMh.,100,90,2+1,4,4,8,Merkezi(PayÖlçer),1,Var,Evet,Boş,Evet,Belirtilmemiş,8.000,EmlakOfisinden,4000
928141743,İstanbul/Bakırköy/ŞenlikköyMh.,150,130,3+1,26-30arası,BahçeKatı,3,Doğalgaz(Kombi),2,Var,Hayır,Boş,Evet,250,2,EmlakOfisinden,3800
922858705,İstanbul/Çekmeköy/MerkezMah.,90,80,2+1,5-10arası,3,3,Doğalgaz(Kombi),1,Var,Hayır,Boş,Hayır,50,1.900,EmlakOfisinden,1900
917169155,İstanbul/Şişli/19MayısMh.,55,50,1+1,16-20arası,1,6,Klima,1,Yok,Evet,Boş,Hayır,Belirtilmemiş,2.250,EmlakOfisinden,2250
928140261,İstanbul/Kadıköy/MerdivenköyMh.,135,115,3+1,26-30arası,3,12,Doğalgaz(Kombi),1,Var,Hayır,Boş,Hayır,150,3.250,EmlakOfisinden,3250
922854209,İstanbul/Esenyurt/KozaMh.,62,50,1+1,3,2,14,Merkezi(PayÖlçer),1,Yok,Evet,Boş,Evet,285,5.400,EmlakOfisinden,1800
928140552,İstanbul/Esenyurt/ZaferMh.,50,40,Stüdyo(1+0),5-10arası,2,10,Merkezi(PayÖlçer),1,Yok,Evet,Boş,Evet,250,2,EmlakOfisinden,1300
917157568,İstanbul/Sarıyer/AyazağaMh.,60,53,1+1,4,Kot1,10,Doğalgaz(Kombi),1,Yok,Hayır,Boş,Evet,300,2.150,EmlakOfisinden,2200
909124834,İstanbul/Ümraniye/NecipFazılMh.,130,110,3+1,4,14,14,Merkezi(PayÖlçer),2,Var,Hayır,Boş,Hayır,370,3.500,Sahibinden,3500
928140963,İstanbul/Üsküdar/MuratReisMah.,85,78,2+1,21-25arası,1,4,Doğalgaz(Kombi),1,Var,Hayır,Boş,Evet,Belirtilmemiş,Belirtilmemiş,EmlakOfisinden,3000
928140818,İstanbul/Beşiktaş/NisbetiyeMh.,200,180,5+1,26-30arası,5,5,Doğalgaz(Kombi),2,Yok,Hayır,Boş,Hayır,Belirtilmemiş,8.000,EmlakOfisinden,8000
928140771,İstanbul/Küçükçekmece/GültepeMh.,90,85,2+1,16-20arası,1,5,Doğalgaz(Kombi),1,Var,Evet,Boş,Hayır,25,2.300,EmlakOfisinden,2300
928138529,İstanbul/Kağıthane/GürselMh.,60,50,1+1,2,Kot1,4,Doğalgaz(Kombi),1,Yok,Hayır,Boş,Hayır,40,1.550,EmlakOfisinden,1550
917257916,İstanbul/Bağcılar/SancaktepeMah.,125,120,3+1,21-25arası,4,4,Doğalgaz(Kombi),1,Var,Hayır,Boş,Hayır,Belirtilmemiş,2.500,EmlakOfisinden,2100
928137875,İstanbul/Bahçelievler/ŞirinevlerMh.,90,80,2+1,16-20arası,2,5,Doğalgaz(Kombi),1,Var,Belirtilmemiş,Boş,Hayır,Belirtilmemiş,5.000,EmlakOfisinden,2800
827498841,İstanbul/Küçükçekmece/HalkalıMerkezMh.,100,90,2+1,21-25arası,2,5,Doğalgaz(Kombi),1,Var,Hayır,Kiracılı,Evet,Belirtilmemiş,Belirtilmemiş,EmlakOfisinden,1900
928138694,İstanbul/Ümraniye/KazımKarabekirMh.,70,70,1+1,16-20arası,Kot1,3,Soba,1,Yok,Hayır,Boş,Hayır,0,750,EmlakOfisinden,750
928137961,İstanbul/Eyüpsultan/EmniyettepeMah.,65,55,1+1,4,2,4,Doğalgaz(Kombi),1,Yok,Hayır,Boş,Hayır,Belirtilmemiş,Belirtilmemiş,EmlakOfisinden,1800
928134793,İstanbul/Sarıyer/İstinyeMh.,90,80,1+1,5-10arası,Kot3,3,Klima,2,Var,Evet,Boş,Hayır,Belirtilmemiş,2.000,Sahibinden,2000
928134968,İstanbul/Zeytinburnu/MaltepeMah.,80,54,1+1,4,3,10,Merkezi(PayÖlçer),1,Var,Hayır,Boş,Evet,Belirtilmemiş,Belirtilmemiş,EmlakOfisinden,4500
907503801,İstanbul/Bakırköy/ZuhuratbabaMah.,70,60,1+1,31veüzeri,3,3,Klima,1,Yok,Hayır,Boş,Hayır,50,1.650,EmlakOfisinden,1650
917387097,İstanbul/Bağcılar/MahmutbeyMah.,750,550,9+1,0,14,27,Merkezi,6Üzeri,Var,Hayır,Boş,Evet,Belirtilmemiş,Belirtilmemiş,EmlakOfisinden,30000
928133489,İstanbul/Beyoğlu/CihangirMah.,84,72,2+1,26-30arası,ZeminKat,7,Doğalgaz(Kombi),1,Var,Evet,Kiracılı,Hayır,50,10.000,Sahibinden,8000
915148596,İstanbul/Şişli/FulyaMah.,140,130,3+1,31veüzeri,4,10,Merkezi,2,Var,Hayır,Boş,Hayır,500,4.000,EmlakOfisinden,4000
928133711,İstanbul/Bağcılar/KemalpaşaMh.,90,85,2+1,11-15arası,2,4,Doğalgaz(Kombi),1,Var,Hayır,Boş,Hayır,15,2.000,Sahibinden,2000
922282551,İstanbul/Şişli/GülbaharMh.,55,50,1+1,0,GirişKatı,5,Doğalgaz(Kombi),1,Yok,Evet,Boş,Hayır,Belirtilmemiş,7.400,EmlakOfisinden,3700
928131501,İstanbul/Beşiktaş/YıldızMh.,120,110,2+1,21-25arası,3,5,Doğalgaz(Kombi),1,Var,Evet,Boş,Hayır,Belirtilmemiş,Belirtilmemiş,Sahibinden,6500
928136545,İstanbul/Esenyurt/İnönüMh.,70,60,1+1,5-10arası,8,25,Merkezi(PayÖlçer),1,Var,Hayır,Boş,Evet,200,3.000,EmlakOfisinden,1500
922689271,İstanbul/Maltepe/KüçükyalıMh.,100,90,3+1,26-30arası,2,5,Doğalgaz(Kombi),1,Var,Hayır,Boş,Hayır,30,2.250,EmlakOfisinden,2250
928135987,İstanbul/Üsküdar/ZeynepKamilMah.,85,80,2+1,26-30arası,Kot1,4,Doğalgaz(Kombi),2,Var,Hayır,Boş,Hayır,25,2.000,EmlakOfisinden,1700
928136125,İstanbul/Kağıthane/TelsizlerMah.,100,95,2+1,5-10arası,ÇatıKatı,5,Doğalgaz(Kombi),1,Var,Hayır,Kiracılı,Hayır,Belirtilmemiş,2.500,EmlakOfisinden,2500
928134570,İstanbul/Ümraniye/TatlısuMh.,157,145,3+1,4,11,13,Merkezi(PayÖlçer),2,Var,Hayır,Boş,Evet,Belirtilmemiş,Belirtilmemiş,EmlakOfisinden,4000
928122703,İstanbul/Adalar/NizamMh.,120,110,3+1,31veüzeri,2,2,Doğalgaz(Kombi),1,Var,Evet,MülkSahibi,Hayır,Belirtilmemiş,10.000,Sahibinden,70000
838553412,İstanbul/Esenyurt/İncirtepeMh.,95,70,2+1,4,YüksekGiriş,5,Doğalgaz(Kombi),1,Yok,Evet,Boş,Hayır,Belirtilmemiş,Belirtilmemiş,Sahibinden,1800
922852284,İstanbul/Kadıköy/SahrayıCeditMh.,160,130,3+1,21-25arası,2,9,Merkezi,1,Var,Hayır,Boş,Hayır,Belirtilmemiş,Belirtilmemiş,EmlakOfisinden,5600
928129366,İstanbul/Üsküdar/CumhuriyetMah.,90,90,3+1,11-15arası,GirişKatı,5,Doğalgaz(Kombi),2,Var,Hayır,Boş,Hayır,20,1.700,Sahibinden,1700
928132877,İstanbul/Şişli/PaşaMh.,75,65,1+1,31veüzeri,GirişKatı,5,Doğalgaz(Kombi),1,Var,Hayır,Boş,Hayır,50,1.600,EmlakOfisinden,1600
928133774,İstanbul/Bakırköy/YeşilyurtMh.,185,170,3.5+1,31veüzeri,4,5,Merkezi,1,Var,Hayır,Boş,Hayır,400,4.500,EmlakOfisinden,5000
928134847,İstanbul/Kadıköy/KozyatağıMh.,68,54,1+1,5-10arası,2,19,Merkezi,1,Yok,Evet,Kiracılı,Evet,Belirtilmemiş,Belirtilmemiş,EmlakOfisinden,4000
928132293,İstanbul/Kadıköy/GöztepeMh.,100,90,2+1,5-10arası,7,8,Doğalgaz(Kombi),1,Yok,Hayır,Kiracılı,Hayır,Belirtilmemiş,11.000,EmlakOfisinden,5500
928127476,İstanbul/Kartal/ÇavuşoğluMh.,100,80,2+1,5-10arası,4,4,Doğalgaz(Kombi),1,Var,Hayır,Boş,Hayır,60,3.000,Sahibinden,2300
928129463,İstanbul/Başakşehir/BaşakMh.,176,152,3+1,11-15arası,5,6,Doğalgaz(Kombi),1,Var,Hayır,Boş,Evet,100,8.000,Sahibinden,4000
928129890,İstanbul/Beyoğlu/KadımehmetEfendiMh.,90,75,3+1,26-30arası,3,6,DoğalgazSobası,1,Var,Belirtilmemiş,Boş,Hayır,Belirtilmemiş,Belirtilmemiş,Sahibinden,1350
928131519,İstanbul/Esenyurt/BarbarosHayrettinPaşaMh.,220,165,3+1,11-15arası,7,13,Merkezi(PayÖlçer),3,Var,Hayır,Boş,Hayır,500,Belirtilmemiş,EmlakOfisinden,4500
879379993,İstanbul/Eyüpsultan/GöktürkMerkezMh.,215,190,3+1,4,ÇatıKatı,5,Merkezi(PayÖlçer),3,Var,Hayır,Boş,Evet,Belirtilmemiş,Belirtilmemiş,EmlakOfisinden,16000
922922867,İstanbul/Gaziosmanpaşa/BağlarbaşıMh.,90,85,2+1,5-10arası,4,4,Doğalgaz(Kombi),1,Var,Hayır,Boş,Hayır,Belirtilmemiş,2.000,EmlakOfisinden,1850
922852907,İstanbul/Başakşehir/BaşakşehirMh.,200,160,4+1,5-10arası,1,6,Merkezi(PayÖlçer),2,Var,Evet,Kiracılı,Evet,200,7.500,EmlakOfisinden,7500
801818339,İstanbul/Tuzla/AydınlıMh.,70,65,1+1,5-10arası,4,10,Merkezi(PayÖlçer),1,Var,Hayır,Boş,Evet,300,1.050,EmlakOfisinden,1050
928133012,İstanbul/Ümraniye/EsenevlerMah.,55,50,1+1,21-25arası,1,3,Doğalgaz(Kombi),1,Yok,Hayır,Boş,Hayır,Belirtilmemiş,Belirtilmemiş,EmlakOfisinden,1300
928133239,İstanbul/Ümraniye/MehmetAkifMah.,150,130,3+1,5-10arası,9,10,Doğalgaz(Kombi),2,Yok,Hayır,Boş,Evet,300,Belirtilmemiş,EmlakOfisinden,4200
928132841,İstanbul/Maltepe/KüçükyalıMh.,140,120,3+1,21-25arası,4,4,Merkezi,1,Var,Hayır,Boş,Hayır,70,Belirtilmemiş,EmlakOfisinden,4000
906198001,İstanbul/Şişli/MerkezMah.,85,80,2+1,5-10arası,3,5,Doğalgaz(Kombi),1,Yok,Hayır,Kiracılı,Hayır,Belirtilmemiş,Belirtilmemiş,EmlakOfisinden,3700
885446057,İstanbul/Sarıyer/MaslakMah.,65,65,Stüdyo(1+0),3,10,15,Merkezi(PayÖlçer),1,Var,Hayır,Boş,Evet,340,Belirtilmemiş,EmlakOfisinden,7500
917417460,İstanbul/Eyüpsultan/GöktürkMerkezMh.,67,57,1+1,0,3,5,Merkezi(PayÖlçer),1,Var,Hayır,Boş,Evet,Belirtilmemiş,9.500,EmlakOfisinden,4250
928131606,İstanbul/Bağcılar/MahmutbeyMah.,140,100,2+1,0,14,15,Merkezi(PayÖlçer),2,Var,Evet,Boş,Evet,Belirtilmemiş,11.500,EmlakOfisinden,5750
928131491,İstanbul/Ümraniye/YukarıDudulluMh.,80,70,2+1,4,1,4,Doğalgaz(Kombi),1,Var,Hayır,Boş,Hayır,30,1.400,EmlakOfisinden,1400
928127079,İstanbul/Kağıthane/HarmantepeMah.,85,80,2+1,4,YüksekGiriş,5,Doğalgaz(Kombi),1,Var,Evet,Kiracılı,Hayır,40,875,Sahibinden,875
922921195,İstanbul/Ataşehir/İnönüMh.,125,120,4+1,11-15arası,2,4,Doğalgaz(Kombi),1,Var,Hayır,Boş,Hayır,Belirtilmemiş,2.000,EmlakOfisinden,1500
928131778,İstanbul/Maltepe/CevizliMah.,180,150,4+2,0,5,5,Doğalgaz(Kombi),2,Var,Hayır,Boş,Hayır,Belirtilmemiş,Belirtilmemiş,EmlakOfisinden,5500
928130236,İstanbul/Esenyurt/AkevlerMh.,100,90,2+1,3,2,6,Doğalgaz(Kombi),1,Var,Hayır,MülkSahibi,Evet,25,4.300,İnşaatFirmasından,2150
928131468,İstanbul/Fatih/YedikuleMah.,75,70,2+1,31veüzeri,GirişKatı,5,Doğalgaz(Kombi),1,Var,Evet,Boş,Hayır,25,1.600,EmlakOfisinden,1600
874293664,İstanbul/Başakşehir/ZiyaGökalpMh.,136,115,2+1,4,4,23,Merkezi(PayÖlçer),2,Var,Evet,Boş,Evet,Belirtilmemiş,Belirtilmemiş,EmlakOfisinden,4500
928130740,İstanbul/Büyükçekmece/KumburgazMerkezMah.,90,75,2+1,26-30arası,1,2,Doğalgaz(Kombi),1,Yok,Hayır,Boş,Hayır,0,3.000,EmlakOfisinden,1500
928131039,İstanbul/Küçükçekmece/İnönüMh.,130,120,3+1,11-15arası,3,3,Doğalgaz(Kombi),2,Var,Belirtilmemiş,Boş,Hayır,Belirtilmemiş,Belirtilmemiş,EmlakOfisinden,1700
922446365,İstanbul/Eyüpsultan/AlibeyköyMh.,85,70,2+1,21-25arası,2,4,Doğalgaz(Kombi),1,Var,Hayır,Boş,Hayır,20,2.000,EmlakOfisinden,1800
928067864,İstanbul/Ataşehir/BarbarosMah.,320,285,4+1,16-20arası,15,22,Merkezi(PayÖlçer),2,Yok,Hayır,MülkSahibi,Evet,1.500,37.500,EmlakOfisinden,18750
928127203,İstanbul/Beşiktaş/EtilerMah.,135,130,3+1,31veüzeri,2,5,Merkezi,1,Var,Hayır,Boş,Hayır,Belirtilmemiş,6.000,EmlakOfisinden,6000
928128940,İstanbul/Çekmeköy/MerkezMah.,95,90,2+1,4,3,5,Doğalgaz(Kombi),1,Var,Hayır,Boş,Hayır,40,1.500,EmlakOfisinden,1500
928130677,İstanbul/Bahçelievler/FevziÇakmakMh.,85,70,1+1,16-20arası,5,6,Doğalgaz(Kombi),1,Var,Hayır,Boş,Evet,Belirtilmemiş,Belirtilmemiş,EmlakOfisinden,1500
928129910,İstanbul/Küçükçekmece/AtakentMah.,84,75,2+1,5-10arası,3,10,Doğalgaz(Kombi),1,Var,Hayır,Boş,Evet,199,5.000,EmlakOfisinden,2500
928130154,İstanbul/Sancaktepe/MeclisMah.,115,110,2+1,26-30arası,2,4,Doğalgaz(Kombi),2,Var,Hayır,Boş,Hayır,20,1.300,EmlakOfisinden,1300
922573487,İstanbul/Eyüpsultan/MithatpaşaMh.,100,80,2+1,0,7,8,YerdenIsıtma,3,Var,Hayır,Boş,Evet,Belirtilmemiş,Belirtilmemiş,EmlakOfisinden,5800
928126281,İstanbul/Esenyurt/İnönüMh.,100,80,2+1,4,Kot4,5,Doğalgaz(Kombi),1,Var,Belirtilmemiş,Boş,Hayır,50,Belirtilmemiş,Sahibinden,1500
921941522,İstanbul/Kartal/EsentepeMah.,110,110,2+1,3,6,6,Doğalgaz(Kombi),1,Var,Evet,Boş,Hayır,50,4.500,Sahibinden,3750
928130133,İstanbul/Başakşehir/Bahçeşehir1.KısımMh.,260,220,5+1,4,3,5,Merkezi(PayÖlçer),2,Var,Hayır,Boş,Evet,700,19.000,EmlakOfisinden,9500
928130314,İstanbul/Eyüpsultan/AkşemsettinMh.,75,66,2+1,0,YüksekGiriş,10,Merkezi(PayÖlçer),1,Yok,Hayır,Boş,Hayır,0,2.000,EmlakOfisinden,2000
928130138,İstanbul/Ümraniye/EsenevlerMah.,70,60,2+1,11-15arası,ÇatıKatı,5,Doğalgaz(Kombi),1,Var,Evet,Boş,Hayır,Belirtilmemiş,Belirtilmemiş,EmlakOfisinden,2300
928129805,İstanbul/Ataşehir/FetihMah.,105,95,2+1,26-30arası,1,3,Doğalgaz(Kombi),1,Var,Evet,Boş,Hayır,20,1.400,EmlakOfisinden,1400
928129857,İstanbul/Bağcılar/MahmutbeyMah.,60,50,1+1,5-10arası,5,18,Merkezi(PayÖlçer),1,Yok,Hayır,Kiracılı,Evet,550,4.500,EmlakOfisinden,2250
928128237,İstanbul/Bahçelievler/FevziÇakmakMh.,78,78,2+1,0,BahçeKatı,4,Doğalgaz(Kombi),1,Var,Hayır,Boş,Hayır,Belirtilmemiş,Belirtilmemiş,EmlakOfisinden,1750
928128295,İstanbul/Pendik/YenişehirMh.,100,90,2+1,16-20arası,6,9,Doğalgaz(Kombi),1,Var,Hayır,Boş,Evet,140,Belirtilmemiş,EmlakOfisinden,1250
922520314,İstanbul/Eyüpsultan/GöktürkMerkezMh.,70,60,1+1,3,1,4,Merkezi(PayÖlçer),1,Yok,Hayır,Boş,Evet,145,Belirtilmemiş,EmlakOfisinden,3200
928128892,İstanbul/Beşiktaş/EtilerMah.,95,75,2+1,21-25arası,5,5,Doğalgaz(Kombi),1,Var,Hayır,Boş,Hayır,Belirtilmemiş,Belirtilmemiş,EmlakOfisinden,7000
928128025,İstanbul/Kadıköy/KozyatağıMh.,100,70,2+1,2,6,8,Doğalgaz(Kombi),1,Var,Hayır,Boş,Hayır,270,7.000,EmlakOfisinden,4750
928128025,İstanbul/Kadıköy/KozyatağıMh.,100,70,2+1,2,6,8,Doğalgaz(Kombi),1,Var,Hayır,Boş,Hayır,270,7.000,EmlakOfisinden,4750
916589795,İstanbul/Şişli/CumhuriyetMah.,112,95,2+1,5-10arası,19,30veüzeri,Merkezi(PayÖlçer),2,Var,Hayır,Kiracılı,Evet,Belirtilmemiş,Belirtilmemiş,EmlakOfisinden,7650
928128739,İstanbul/Çekmeköy/ÇamlıkMh.,160,150,3+1,2,3,3,Doğalgaz(Kombi),2,Var,Hayır,Boş,Hayır,Belirtilmemiş,6.000,EmlakOfisinden,3000
917425728,İstanbul/Başakşehir/Bahçeşehir2.KısımMh.,205,135,3+1,21-25arası,Kot2,20,Merkezi,2,Var,Hayır,Boş,Evet,630,7.600,EmlakOfisinden,3800
928127785,İstanbul/Fatih/İskenderpaşaMh.,60,55,1+1,31veüzeri,5,5,Doğalgaz(Kombi),1,Var,Hayır,Boş,Hayır,Belirtilmemiş,2.200,EmlakOfisinden,2200
928128796,İstanbul/Başakşehir/KayabaşıMh.,122,106,3+1,2,YüksekGiriş,5,Merkezi(PayÖlçer),2,Var,Belirtilmemiş,Boş,Evet,190,Belirtilmemiş,EmlakOfisinden,3150
922889699,İstanbul/Beşiktaş/AkatMah.,120,105,2+1,31veüzeri,1,5,Merkezi(PayÖlçer),1,Var,Evet,Boş,Evet,30,Belirtilmemiş,EmlakOfisinden,7000
928123989,İstanbul/Ümraniye/AtatürkMh.,105,90,2+1,26-30arası,4,5,Doğalgaz(Kombi),2,Yok,Belirtilmemiş,Kiracılı,Hayır,Belirtilmemiş,Belirtilmemiş,Sahibinden,2200
920121236,İstanbul/Üsküdar/MimarSinanMh.,90,85,2+1,26-30arası,GirişKatı,4,Doğalgaz(Kombi),1,Yok,Hayır,Boş,Hayır,Belirtilmemiş,1.500,EmlakOfisinden,1550
928125536,İstanbul/Kağıthane/TalatpaşaMh.,145,140,3+1,21-25arası,2,3,Doğalgaz(Kombi),1,Var,Hayır,Boş,Hayır,Belirtilmemiş,Belirtilmemiş,EmlakOfisinden,1600
810649058,İstanbul/Üsküdar/KısıklıMh.,80,70,1+1,31veüzeri,1,2,Doğalgaz(Kombi),1,Var,Evet,Boş,Hayır,Belirtilmemiş,1.600,EmlakOfisinden,1600
928127033,İstanbul/Tuzla/MimarSinanMah.,90,70,2+1,0,7,11,Merkezi(PayÖlçer),1,Var,Hayır,Boş,Hayır,Belirtilmemiş,1.250,EmlakOfisinden,1250
928127537,İstanbul/Ataşehir/BarbarosMah.,60,55,1+1,21-25arası,1,4,Doğalgaz(Kombi),1,Yok,Belirtilmemiş,Boş,Hayır,Belirtilmemiş,1.100,EmlakOfisinden,1100
899722108,İstanbul/Sarıyer/ZekeriyaköyMh.,195,145,3+1,0,1,3,Merkezi(PayÖlçer),3,Var,Hayır,Boş,Evet,1.000,16.600,EmlakOfisinden,10500
928123130,İstanbul/Bağcılar/YenigünMh.,85,80,2+1,5-10arası,YüksekGiriş,4,Doğalgaz(Kombi),1,Var,Hayır,Boş,Hayır,20,1.750,EmlakOfisinden,1750
928121378,İstanbul/Gaziosmanpaşa/BarbarosHayrettinpaşaMh.,100,90,2+1,21-25arası,3,4,Doğalgaz(Kombi),1,Var,Hayır,Kiracılı,Hayır,25,1.500,Sahibinden,1600
899453271,İstanbul/Üsküdar/Valide-iAtikMh.,60,55,1+1,31veüzeri,ZeminKat,5,DoğalgazSobası,1,Yok,Hayır,Boş,Hayır,30,1.100,EmlakOfisinden,1100
922884959,İstanbul/Kağıthane/HarmantepeMah.,70,65,1+1,26-30arası,5,5,Doğalgaz(Kombi),1,Var,Hayır,Boş,Hayır,Belirtilmemiş,1.200,EmlakOfisinden,1200
928126146,İstanbul/Üsküdar/FerahMah.,105,85,3+1,11-15arası,ZeminKat,4,Doğalgaz(Kombi),1,Yok,Hayır,Boş,Hayır,50,2.000,EmlakOfisinden,2000
924306258,İstanbul/Esenyurt/BalıkyoluMh.,80,80,1+1,5-10arası,GirişKatı,5,DoğalgazSobası,1,Yok,Belirtilmemiş,Boş,Hayır,Belirtilmemiş,1.000,Sahibinden,800
928121256,İstanbul/Pendik/EsenyalıMh.,105,90,2+1,5-10arası,1,5,Doğalgaz(Kombi),1,Yok,Hayır,Boş,Hayır,50,1.500,Sahibinden,1500
928124066,İstanbul/Bahçelievler/YenibosnaMerkezMah.,65,42,1+1,0,4,11,Merkezi(PayÖlçer),1,Var,Hayır,Boş,Evet,650,Belirtilmemiş,EmlakOfisinden,2850
922913785,İstanbul/Fatih/KocaMustafapaşaMh.,75,70,2+1,31veüzeri,4,4,Doğalgaz(Kombi),1,Yok,Hayır,Boş,Hayır,20,1.600,EmlakOfisinden,1700
917399689,İstanbul/Kadıköy/CaferağaMh.,140,130,3+1,0,4,5,Doğalgaz(Kombi),2,Var,Hayır,Boş,Hayır,200,17.000,EmlakOfisinden,8000
857192163,İstanbul/Şile/ÇavuşMh.,110,95,3+1,21-25arası,2,3,Doğalgaz(Kombi),1,Var,Evet,Boş,Hayır,Belirtilmemiş,3.000,EmlakOfisinden,27000
928124278,İstanbul/Şişli/EsentepeMah.,80,78,2+1,5-10arası,2,4,Doğalgaz(Kombi),1,Var,Hayır,Boş,Hayır,Belirtilmemiş,2.500,EmlakOfisinden,2500
928123671,İstanbul/Eyüpsultan/GöktürkMerkezMh.,160,150,2+1,5-10arası,2,2,Doğalgaz(Kombi),2,Var,Hayır,Boş,Hayır,Belirtilmemiş,2,EmlakOfisinden,9500
928123528,İstanbul/Bakırköy/CevizlikMah.,75,60,1+1,26-30arası,2,5,Doğalgaz(Kombi),1,Var,Hayır,Boş,Hayır,Belirtilmemiş,Belirtilmemiş,EmlakOfisinden,1800
928122802,İstanbul/Kağıthane/ŞirintepeMh.,75,70,2+1,26-30arası,1,4,Doğalgaz(Kombi),1,Yok,Hayır,Boş,Hayır,15,1.400,EmlakOfisinden,1400
898602151,İstanbul/Çekmeköy/TaşdelenMh.,65,50,1+1,3,ZeminKat,5,Doğalgaz(Kombi),1,Yok,Evet,Boş,Hayır,60,Belirtilmemiş,EmlakOfisinden,1650
928094623,İstanbul/Sultangazi/İsmetpaşaMh.,125,115,3+1,4,3,5,Doğalgaz(Kombi),1,Var,Evet,Boş,Hayır,Belirtilmemiş,2.500,EmlakOfisinden,2500
928122252,İstanbul/Şişli/YaylaMah.,100,85,3+1,4,Kot1,5,Doğalgaz(Kombi),2,Var,Hayır,Boş,Hayır,40,2.250,EmlakOfisinden,2250
928120828,İstanbul/Kadıköy/FenerbahçeMh.,140,107,3+1,0,2,4,Doğalgaz(Kombi),2,Var,Hayır,Boş,Evet,Belirtilmemiş,17.000,EmlakOfisinden,8500
864258674,İstanbul/Pendik/KavakpınarMh.,100,95,2+1,21-25arası,GirişKatı,4,Doğalgaz(Kombi),1,Var,Hayır,Boş,Hayır,Belirtilmemiş,950,EmlakOfisinden,850
928120121,İstanbul/Avcılar/TahtakaleMah.,212,175,4+1,11-15arası,10,14,Doğalgaz(Kombi),2,Var,Hayır,MülkSahibi,Evet,470,13.000,EmlakOfisinden,6500
922603017,İstanbul/Beykoz/KavacıkMh.,120,110,2+1,11-15arası,Kot1,5,Doğalgaz(Kombi),1,Var,Hayır,Boş,Hayır,Belirtilmemiş,2.500,EmlakOfisinden,2100
928121628,İstanbul/Tuzla/AydınlıMh.,100,100,2+1,5-10arası,1,3,Doğalgaz(Kombi),1,Yok,Belirtilmemiş,Boş,Hayır,Belirtilmemiş,2.000,Sahibinden,1300
928121196,İstanbul/Şişli/MecidiyeköyMh.,120,110,3+1,31veüzeri,4,4,Doğalgaz(Kombi),1,Yok,Hayır,Boş,Hayır,60,2.500,EmlakOfisinden,2500
928120259,İstanbul/Kağıthane/OrtabayırMh.,70,65,1+1,21-25arası,BahçeKatı,5,Doğalgaz(Kombi),1,Yok,Hayır,Boş,Hayır,Belirtilmemiş,Belirtilmemiş,EmlakOfisinden,1100
928121196,İstanbul/Şişli/MecidiyeköyMh.,120,110,3+1,31veüzeri,4,4,Doğalgaz(Kombi),1,Yok,Hayır,Boş,Hayır,60,2.500,EmlakOfisinden,2500
928120259,İstanbul/Kağıthane/OrtabayırMh.,70,65,1+1,21-25arası,BahçeKatı,5,Doğalgaz(Kombi),1,Yok,Hayır,Boş,Hayır,Belirtilmemiş,Belirtilmemiş,EmlakOfisinden,1100
915951583,İstanbul/Esenyurt/ZaferMh.,174,171,3+1,4,2,11,Doğalgaz(Kombi),1,Var,Hayır,Boş,Evet,340,3.500,EmlakOfisinden,3700
928120973,İstanbul/Üsküdar/BurhaniyeMah.,100,80,2+1,21-25arası,ÇatıKatı,5,Doğalgaz(Kombi),1,Var,Evet,Boş,Hayır,20,2.000,EmlakOfisinden,1900
919894568,İstanbul/Çekmeköy/SultançiftliğiMh.,145,125,3+1,3,1,10,Merkezi(PayÖlçer),2,Var,Hayır,Boş,Evet,360,2.050,EmlakOfisinden,1900
877249073,İstanbul/Bakırköy/ŞenlikköyMh.,50,40,Stüdyo(1+0),5-10arası,1,2,Doğalgaz(Kombi),1,Var,Evet,Boş,Hayır,20,3.000,EmlakOfisinden,2900
928119539,İstanbul/Bağcılar/YenimahalleMah.,80,70,1+1,21-25arası,BahçeKatı,3,DoğalgazSobası,1,Yok,Hayır,Boş,Hayır,Belirtilmemiş,1.000,EmlakOfisinden,1050
833847121,İstanbul/Şişli/KuştepeMh.,55,45,Stüdyo(1+0),26-30arası,1,3,Doğalgaz(Kombi),1,Var,Hayır,Boş,Hayır,25,1.100,EmlakOfisinden,1000
916407892,İstanbul/Esenyurt/ZaferMh.,70,50,1+1,1,11,15,Merkezi(PayÖlçer),1,Var,Hayır,Boş,Evet,Belirtilmemiş,5.000,EmlakOfisinden,2200
916796508,İstanbul/Beyoğlu/GümüşsuyuMh.,200,180,4+1,31veüzeri,YüksekGiriş,4,Merkezi,1,Var,Hayır,Boş,Hayır,600,4.500,EmlakOfisinden,4500
928118400,İstanbul/Eyüpsultan/GüzeltepeMh.,135,88,2+1,0,8,11,Merkezi(PayÖlçer),2,Var,Hayır,Boş,Evet,450,11.000,EmlakOfisinden,5500
928117963,İstanbul/Kadıköy/FenerbahçeMh.,135,110,3+1,4,7,8,Merkezi,2,Var,Hayır,Boş,Hayır,550,Belirtilmemiş,EmlakOfisinden,9500
928118658,İstanbul/Büyükçekmece/EkinobaMah.,175,150,3+1,21-25arası,9,9,Merkezi,2,Var,Hayır,Boş,Evet,350,Belirtilmemiş,EmlakOfisinden,2250
928117369,İstanbul/Bahçelievler/SiyavuşpaşaMh.,95,90,2+1,26-30arası,4,5,Doğalgaz(Kombi),1,Var,Hayır,Boş,Hayır,Belirtilmemiş,Belirtilmemiş,EmlakOfisinden,1700
916793445,İstanbul/Pendik/DoğuMh.,120,100,3+1,21-25arası,4,5,Merkezi,1,Var,Hayır,Boş,Hayır,Belirtilmemiş,Belirtilmemiş,EmlakOfisinden,1500
928116327,İstanbul/Esenler/OruçreisMh.,100,85,2+1,21-25arası,YüksekGiriş,5,Doğalgaz(Kombi),1,Yok,Hayır,Boş,Hayır,Belirtilmemiş,1.000,EmlakOfisinden,1100
928117018,İstanbul/Çekmeköy/SoğukpınarMh.,60,55,1+1,4,GirişKatı,5,Doğalgaz(Kombi),1,Yok,Hayır,Boş,Hayır,40,800,EmlakOfisinden,800
928108278,İstanbul/Sancaktepe/AkpınarMh.,130,115,4+1,2,YüksekGiriş,3,Doğalgaz(Kombi),1,Yok,Hayır,Boş,Hayır,Belirtilmemiş,Belirtilmemiş,EmlakOfisinden,1100

